engine,schema_layer,scale_factor,aggregation_depth,index_mode,repetition,latency_seconds,peak_rss_mb,mean_cpu_pct
duckdb,oltp,1,single_group_by,full_scan,1,0.081378,91.81,142.80
duckdb,oltp,1,single_group_by,full_scan,2,0.026230,117.84,93.80
duckdb,oltp,1,single_group_by,full_scan,3,0.027652,118.12,118.20
duckdb,oltp,1,single_group_by,full_scan,4,0.026956,118.30,75.40
duckdb,oltp,1,single_group_by,full_scan,5,0.028212,118.39,52.60
duckdb,oltp,1,single_group_by,indexed_point_lookup,1,0.001821,118.47,83.70
duckdb,oltp,1,single_group_by,indexed_point_lookup,2,0.002132,118.64,78.00
duckdb,oltp,1,single_group_by,indexed_point_lookup,3,0.001583,118.64,90.90
duckdb,oltp,1,single_group_by,indexed_point_lookup,4,0.001728,118.64,91.30
duckdb,oltp,1,single_group_by,indexed_point_lookup,5,0.001764,118.66,114.90
duckdb,oltp,1,single_group_by,range_scan,1,0.017230,118.66,102.70
duckdb,oltp,1,single_group_by,range_scan,2,0.009319,118.81,80.50
duckdb,oltp,1,single_group_by,range_scan,3,0.016380,118.84,90.60
duckdb,oltp,1,single_group_by,range_scan,4,0.009130,118.88,76.20
duckdb,oltp,1,single_group_by,range_scan,5,0.014592,118.98,89.30
duckdb,oltp,1,multi_group_by,full_scan,1,0.300032,639.56,366.97
duckdb,oltp,1,multi_group_by,full_scan,2,0.275804,779.92,355.46
duckdb,oltp,1,multi_group_by,full_scan,3,0.381401,981.11,328.12
duckdb,oltp,1,multi_group_by,full_scan,4,0.321016,1040.58,356.38
duckdb,oltp,1,multi_group_by,full_scan,5,0.389592,1108.50,341.76
duckdb,oltp,1,multi_group_by,indexed_point_lookup,1,0.009480,1108.52,93.10
duckdb,oltp,1,multi_group_by,indexed_point_lookup,2,0.002714,1109.02,90.50
duckdb,oltp,1,multi_group_by,indexed_point_lookup,3,0.003700,1109.03,85.80
duckdb,oltp,1,multi_group_by,indexed_point_lookup,4,0.003739,1109.06,186.60
duckdb,oltp,1,multi_group_by,indexed_point_lookup,5,0.003367,1109.09,91.40
duckdb,oltp,1,multi_group_by,range_scan,1,0.020250,1109.12,91.40
duckdb,oltp,1,multi_group_by,range_scan,2,0.022926,1110.56,84.70
duckdb,oltp,1,multi_group_by,range_scan,3,0.017184,1107.81,95.70
duckdb,oltp,1,multi_group_by,range_scan,4,0.016973,1102.34,83.80
duckdb,oltp,1,multi_group_by,range_scan,5,0.016990,1102.55,90.00
duckdb,oltp,1,nested_subquery,full_scan,1,0.329442,1173.53,340.96
duckdb,oltp,1,nested_subquery,full_scan,2,0.330996,1173.73,336.47
duckdb,oltp,1,nested_subquery,full_scan,3,0.257296,1151.20,376.10
duckdb,oltp,1,nested_subquery,full_scan,4,0.199393,1136.78,419.07
duckdb,oltp,1,nested_subquery,full_scan,5,0.258576,1093.02,371.30
duckdb,oltp,1,nested_subquery,indexed_point_lookup,1,0.158108,1061.41,299.70
duckdb,oltp,1,nested_subquery,indexed_point_lookup,2,0.118989,975.83,334.30
duckdb,oltp,1,nested_subquery,indexed_point_lookup,3,0.086786,975.83,335.35
duckdb,oltp,1,nested_subquery,indexed_point_lookup,4,0.177492,969.48,296.80
duckdb,oltp,1,nested_subquery,indexed_point_lookup,5,0.152199,967.56,323.70
duckdb,oltp,1,nested_subquery,range_scan,1,0.308203,974.19,271.02
duckdb,oltp,1,nested_subquery,range_scan,2,0.239413,907.89,300.88
duckdb,oltp,1,nested_subquery,range_scan,3,0.250981,908.45,308.80
duckdb,oltp,1,nested_subquery,range_scan,4,0.246608,904.05,315.26
duckdb,oltp,1,nested_subquery,range_scan,5,0.131888,905.95,396.70
duckdb,olap,1,single_group_by,full_scan,1,0.046157,46.11,84.80
duckdb,olap,1,single_group_by,full_scan,2,0.017229,111.50,89.50
duckdb,olap,1,single_group_by,full_scan,3,0.014235,113.84,67.20
duckdb,olap,1,single_group_by,full_scan,4,0.012305,114.89,75.90
duckdb,olap,1,single_group_by,full_scan,5,0.013616,115.30,88.70
duckdb,olap,1,single_group_by,indexed_point_lookup,1,0.002449,115.78,85.90
duckdb,olap,1,single_group_by,indexed_point_lookup,2,0.001733,115.92,90.00
duckdb,olap,1,single_group_by,indexed_point_lookup,3,0.002264,115.92,86.40
duckdb,olap,1,single_group_by,indexed_point_lookup,4,0.001913,115.92,91.90
duckdb,olap,1,single_group_by,indexed_point_lookup,5,0.001994,115.92,91.10
duckdb,olap,1,single_group_by,range_scan,1,0.011684,115.94,91.60
duckdb,olap,1,single_group_by,range_scan,2,0.009726,117.00,92.30
duckdb,olap,1,single_group_by,range_scan,3,0.011156,118.28,90.30
duckdb,olap,1,single_group_by,range_scan,4,0.012373,118.94,88.50
duckdb,olap,1,single_group_by,range_scan,5,0.010760,119.00,91.20
duckdb,olap,1,multi_group_by,full_scan,1,0.389794,700.97,346.74
duckdb,olap,1,multi_group_by,full_scan,2,0.366599,743.73,347.89
duckdb,olap,1,multi_group_by,full_scan,3,0.337717,850.12,367.01
duckdb,olap,1,multi_group_by,full_scan,4,0.290641,960.36,359.05
duckdb,olap,1,multi_group_by,full_scan,5,0.360619,1001.42,360.30
duckdb,olap,1,multi_group_by,indexed_point_lookup,1,0.011158,1001.95,89.50
duckdb,olap,1,multi_group_by,indexed_point_lookup,2,0.010368,998.70,87.70
duckdb,olap,1,multi_group_by,indexed_point_lookup,3,0.006649,995.20,86.00
duckdb,olap,1,multi_group_by,indexed_point_lookup,4,0.005546,995.25,100.80
duckdb,olap,1,multi_group_by,indexed_point_lookup,5,0.006707,995.30,46.30
duckdb,olap,1,multi_group_by,range_scan,1,0.028956,995.38,91.30
duckdb,olap,1,multi_group_by,range_scan,2,0.025091,988.44,91.10
duckdb,olap,1,multi_group_by,range_scan,3,0.026573,977.34,93.50
duckdb,olap,1,multi_group_by,range_scan,4,0.029206,977.86,102.70
duckdb,olap,1,multi_group_by,range_scan,5,0.032427,978.77,84.40
duckdb,olap,1,nested_subquery,full_scan,1,0.170993,980.66,298.07
duckdb,olap,1,nested_subquery,full_scan,2,0.081636,972.22,345.10
duckdb,olap,1,nested_subquery,full_scan,3,0.089660,972.23,312.40
duckdb,olap,1,nested_subquery,full_scan,4,0.086971,949.42,353.20
duckdb,olap,1,nested_subquery,full_scan,5,0.087339,949.59,353.50
duckdb,olap,1,nested_subquery,indexed_point_lookup,1,0.049775,949.64,86.90
duckdb,olap,1,nested_subquery,indexed_point_lookup,2,0.050225,936.44,59.20
duckdb,olap,1,nested_subquery,indexed_point_lookup,3,0.051671,932.52,99.10
duckdb,olap,1,nested_subquery,indexed_point_lookup,4,0.083396,932.73,252.45
duckdb,olap,1,nested_subquery,indexed_point_lookup,5,0.083810,930.56,228.75
duckdb,olap,1,nested_subquery,range_scan,1,0.048138,930.59,78.40
duckdb,olap,1,nested_subquery,range_scan,2,0.055583,931.81,303.55
duckdb,olap,1,nested_subquery,range_scan,3,0.043319,930.55,66.20
duckdb,olap,1,nested_subquery,range_scan,4,0.069325,932.00,285.70
duckdb,olap,1,nested_subquery,range_scan,5,0.084142,932.12,244.85
duckdb,oltp,5,single_group_by,full_scan,1,0.674339,356.14,152.72
duckdb,oltp,5,single_group_by,full_scan,2,0.175489,357.69,388.05
duckdb,oltp,5,single_group_by,full_scan,3,0.199649,357.84,376.23
duckdb,oltp,5,single_group_by,full_scan,4,0.201045,357.89,352.00
duckdb,oltp,5,single_group_by,full_scan,5,0.176812,357.94,369.20
duckdb,oltp,5,single_group_by,indexed_point_lookup,1,0.003310,357.95,37.90
duckdb,oltp,5,single_group_by,indexed_point_lookup,2,0.002870,358.38,82.20
duckdb,oltp,5,single_group_by,indexed_point_lookup,3,0.002544,358.38,89.70
duckdb,oltp,5,single_group_by,indexed_point_lookup,4,0.002246,358.38,87.70
duckdb,oltp,5,single_group_by,indexed_point_lookup,5,0.002118,358.38,90.30
duckdb,oltp,5,single_group_by,range_scan,1,0.046604,358.38,82.10
duckdb,oltp,5,single_group_by,range_scan,2,0.047170,358.73,85.10
duckdb,oltp,5,single_group_by,range_scan,3,0.063838,358.92,299.10
duckdb,oltp,5,single_group_by,range_scan,4,0.066297,359.02,288.80
duckdb,oltp,5,single_group_by,range_scan,5,0.060868,359.06,298.25
duckdb,oltp,5,multi_group_by,full_scan,1,2.205461,1989.05,369.12
duckdb,oltp,5,multi_group_by,full_scan,2,2.427857,2230.36,352.47
duckdb,oltp,5,multi_group_by,full_scan,3,2.289071,2160.78,378.60
duckdb,oltp,5,multi_group_by,full_scan,4,2.389102,2229.03,371.94
duckdb,oltp,5,multi_group_by,full_scan,5,2.278500,2273.33,377.33
duckdb,oltp,5,multi_group_by,indexed_point_lookup,1,0.012410,2074.86,78.80
duckdb,oltp,5,multi_group_by,indexed_point_lookup,2,0.005357,2031.91,82.20
duckdb,oltp,5,multi_group_by,indexed_point_lookup,3,0.004886,2032.39,84.30
duckdb,oltp,5,multi_group_by,indexed_point_lookup,4,0.004450,2032.97,73.80
duckdb,oltp,5,multi_group_by,indexed_point_lookup,5,0.004111,2025.17,91.20
duckdb,oltp,5,multi_group_by,range_scan,1,0.120034,2025.28,353.93
duckdb,oltp,5,multi_group_by,range_scan,2,0.165564,1995.41,312.00
duckdb,oltp,5,multi_group_by,range_scan,3,0.161042,1999.06,324.93
duckdb,oltp,5,multi_group_by,range_scan,4,0.207064,2002.67,299.38
duckdb,oltp,5,multi_group_by,range_scan,5,0.187043,1979.06,290.88
duckdb,oltp,5,nested_subquery,full_scan,1,1.854608,1971.31,351.50
duckdb,oltp,5,nested_subquery,full_scan,2,1.891217,1533.56,356.72
duckdb,oltp,5,nested_subquery,full_scan,3,1.686324,1408.66,380.48
duckdb,oltp,5,nested_subquery,full_scan,4,1.891247,1399.28,366.66
duckdb,oltp,5,nested_subquery,full_scan,5,1.882485,1407.66,361.85
duckdb,oltp,5,nested_subquery,indexed_point_lookup,1,0.857084,1410.89,370.34
duckdb,oltp,5,nested_subquery,indexed_point_lookup,2,0.951727,1412.75,348.08
duckdb,oltp,5,nested_subquery,indexed_point_lookup,3,0.915378,1413.67,360.38
duckdb,oltp,5,nested_subquery,indexed_point_lookup,4,0.980936,1390.00,342.22
duckdb,oltp,5,nested_subquery,indexed_point_lookup,5,0.913529,1367.44,362.94
duckdb,oltp,5,nested_subquery,range_scan,1,1.151012,1380.59,374.38
duckdb,oltp,5,nested_subquery,range_scan,2,1.235950,1389.20,360.40
duckdb,oltp,5,nested_subquery,range_scan,3,1.136632,1397.72,376.19
duckdb,oltp,5,nested_subquery,range_scan,4,1.274013,1403.08,349.19
duckdb,oltp,5,nested_subquery,range_scan,5,1.125657,1396.33,377.20
duckdb,olap,5,single_group_by,full_scan,1,0.134155,270.09,314.87
duckdb,olap,5,single_group_by,full_scan,2,0.081688,321.12,342.60
duckdb,olap,5,single_group_by,full_scan,3,0.133734,322.44,283.30
duckdb,olap,5,single_group_by,full_scan,4,0.072554,323.41,337.85
duckdb,olap,5,single_group_by,full_scan,5,0.064914,324.09,354.70
duckdb,olap,5,single_group_by,indexed_point_lookup,1,0.003949,324.22,71.20
duckdb,olap,5,single_group_by,indexed_point_lookup,2,0.002703,324.64,145.50
duckdb,olap,5,single_group_by,indexed_point_lookup,3,0.002213,324.64,63.40
duckdb,olap,5,single_group_by,indexed_point_lookup,4,0.002193,324.64,91.50
duckdb,olap,5,single_group_by,indexed_point_lookup,5,0.002197,324.64,93.60
duckdb,olap,5,single_group_by,range_scan,1,0.032214,324.66,90.90
duckdb,olap,5,single_group_by,range_scan,2,0.026481,326.45,99.00
duckdb,olap,5,single_group_by,range_scan,3,0.027830,327.53,110.70
duckdb,olap,5,single_group_by,range_scan,4,0.034178,327.59,90.50
duckdb,olap,5,single_group_by,range_scan,5,0.037515,327.69,90.70
duckdb,olap,5,multi_group_by,full_scan,1,2.654063,2024.70,376.61
duckdb,olap,5,multi_group_by,full_scan,2,2.450904,2163.80,392.61
duckdb,olap,5,multi_group_by,full_scan,3,2.657210,2321.83,382.89
duckdb,olap,5,multi_group_by,full_scan,4,2.639507,2241.23,374.16
duckdb,olap,5,multi_group_by,full_scan,5,2.682999,2140.92,367.07
duckdb,olap,5,multi_group_by,indexed_point_lookup,1,0.013530,1708.30,55.30
duckdb,olap,5,multi_group_by,indexed_point_lookup,2,0.007477,1631.48,87.00
duckdb,olap,5,multi_group_by,indexed_point_lookup,3,0.008990,1632.86,66.60
duckdb,olap,5,multi_group_by,indexed_point_lookup,4,0.009162,1633.70,85.20
duckdb,olap,5,multi_group_by,indexed_point_lookup,5,0.008568,1583.69,60.50
duckdb,olap,5,multi_group_by,range_scan,1,0.257607,1809.55,352.00
duckdb,olap,5,multi_group_by,range_scan,2,0.298347,1821.22,290.15
duckdb,olap,5,multi_group_by,range_scan,3,0.284265,1809.86,302.23
duckdb,olap,5,multi_group_by,range_scan,4,0.243889,1805.19,293.12
duckdb,olap,5,multi_group_by,range_scan,5,0.278442,1763.98,301.12
duckdb,olap,5,nested_subquery,full_scan,1,0.852551,1754.69,333.59
duckdb,olap,5,nested_subquery,full_scan,2,0.808926,1441.66,357.83
duckdb,olap,5,nested_subquery,full_scan,3,0.842429,1403.00,353.99
duckdb,olap,5,nested_subquery,full_scan,4,0.881601,1378.75,336.62
duckdb,olap,5,nested_subquery,full_scan,5,0.823976,1303.12,345.79
duckdb,olap,5,nested_subquery,indexed_point_lookup,1,0.431737,1175.64,310.96
duckdb,olap,5,nested_subquery,indexed_point_lookup,2,0.382585,1123.61,336.96
duckdb,olap,5,nested_subquery,indexed_point_lookup,3,0.415335,1090.81,339.88
duckdb,olap,5,nested_subquery,indexed_point_lookup,4,0.347490,1105.72,361.87
duckdb,olap,5,nested_subquery,indexed_point_lookup,5,0.429516,1098.56,306.11
duckdb,olap,5,nested_subquery,range_scan,1,0.546513,1013.00,319.09
duckdb,olap,5,nested_subquery,range_scan,2,0.461120,868.45,356.11
duckdb,olap,5,nested_subquery,range_scan,3,0.492750,869.39,341.69
duckdb,olap,5,nested_subquery,range_scan,4,0.484093,866.12,337.28
duckdb,olap,5,nested_subquery,range_scan,5,0.505007,865.77,331.76
duckdb,oltp,10,single_group_by,full_scan,1,0.566116,575.55,202.62
duckdb,oltp,10,single_group_by,full_scan,2,0.197506,625.88,559.00
duckdb,oltp,10,single_group_by,full_scan,3,0.173235,626.28,603.27
duckdb,oltp,10,single_group_by,full_scan,4,0.173959,626.44,604.58
duckdb,oltp,10,single_group_by,full_scan,5,0.217077,626.45,497.82
duckdb,oltp,10,single_group_by,indexed_point_lookup,1,0.002314,604.58,103.10
duckdb,oltp,10,single_group_by,indexed_point_lookup,2,0.001021,605.80,97.80
duckdb,oltp,10,single_group_by,indexed_point_lookup,3,0.001998,605.80,83.80
duckdb,oltp,10,single_group_by,indexed_point_lookup,4,0.003642,605.84,93.60
duckdb,oltp,10,single_group_by,indexed_point_lookup,5,0.003762,605.84,92.10
duckdb,oltp,10,single_group_by,range_scan,1,0.089876,606.05,319.15
duckdb,oltp,10,single_group_by,range_scan,2,0.067406,606.28,389.90
duckdb,oltp,10,single_group_by,range_scan,3,0.067934,606.44,389.15
duckdb,oltp,10,single_group_by,range_scan,4,0.070290,606.53,357.70
duckdb,oltp,10,single_group_by,range_scan,5,0.064760,606.61,397.00
duckdb,oltp,10,multi_group_by,full_scan,1,6.610597,2969.69,335.20
duckdb,oltp,10,multi_group_by,full_scan,2,19.044493,2646.19,142.36
duckdb,oltp,10,multi_group_by,full_scan,3,21.505167,1924.69,123.63
duckdb,oltp,10,multi_group_by,full_scan,4,22.089624,1457.05,115.07
duckdb,oltp,10,multi_group_by,full_scan,5,33.086747,1476.56,89.20
duckdb,oltp,10,multi_group_by,indexed_point_lookup,1,0.438227,737.45,15.01
duckdb,oltp,10,multi_group_by,indexed_point_lookup,2,0.008158,639.02,68.00
duckdb,oltp,10,multi_group_by,indexed_point_lookup,3,0.002018,628.11,62.00
duckdb,oltp,10,multi_group_by,indexed_point_lookup,4,0.016083,593.11,82.60
duckdb,oltp,10,multi_group_by,indexed_point_lookup,5,0.010588,564.53,60.30
duckdb,oltp,10,multi_group_by,range_scan,1,1.062008,778.94,145.97
duckdb,oltp,10,multi_group_by,range_scan,2,0.216896,833.47,409.18
duckdb,oltp,10,multi_group_by,range_scan,3,0.190497,883.95,431.35
duckdb,oltp,10,multi_group_by,range_scan,4,0.177651,909.53,427.85
duckdb,oltp,10,multi_group_by,range_scan,5,0.199250,907.67,413.43
duckdb,oltp,10,nested_subquery,full_scan,1,3.272925,1665.42,357.76
duckdb,oltp,10,nested_subquery,full_scan,2,2.574823,1710.42,405.79
duckdb,oltp,10,nested_subquery,full_scan,3,2.543661,1339.16,389.11
duckdb,oltp,10,nested_subquery,full_scan,4,2.293424,1375.36,465.06
duckdb,oltp,10,nested_subquery,full_scan,5,1.557786,1622.22,591.04
duckdb,oltp,10,nested_subquery,indexed_point_lookup,1,0.707059,1640.25,611.80
duckdb,oltp,10,nested_subquery,indexed_point_lookup,2,0.585433,1673.50,672.82
duckdb,oltp,10,nested_subquery,indexed_point_lookup,3,0.581930,1712.30,670.74
duckdb,oltp,10,nested_subquery,indexed_point_lookup,4,0.897953,1721.17,480.58
duckdb,oltp,10,nested_subquery,indexed_point_lookup,5,0.726504,1694.69,567.08
duckdb,oltp,10,nested_subquery,range_scan,1,1.102928,1765.20,528.22
duckdb,oltp,10,nested_subquery,range_scan,2,1.316261,1774.50,478.74
duckdb,oltp,10,nested_subquery,range_scan,3,1.049478,1680.59,562.98
duckdb,oltp,10,nested_subquery,range_scan,4,1.161152,1684.86,523.98
duckdb,oltp,10,nested_subquery,range_scan,5,1.177466,1694.92,509.75
duckdb,olap,10,single_group_by,full_scan,1,0.424342,487.20,157.68
duckdb,olap,10,single_group_by,full_scan,2,0.095276,551.56,431.50
duckdb,olap,10,single_group_by,full_scan,3,0.091258,553.42,431.75
duckdb,olap,10,single_group_by,full_scan,4,0.106171,554.09,468.43
duckdb,olap,10,single_group_by,full_scan,5,0.107140,548.36,351.05
duckdb,olap,10,single_group_by,indexed_point_lookup,1,0.002234,538.92,88.60
duckdb,olap,10,single_group_by,indexed_point_lookup,2,0.001414,534.62,93.30
duckdb,olap,10,single_group_by,indexed_point_lookup,3,0.001889,534.62,89.60
duckdb,olap,10,single_group_by,indexed_point_lookup,4,0.002146,534.62,89.40
duckdb,olap,10,single_group_by,indexed_point_lookup,5,0.010080,500.36,96.60
duckdb,olap,10,single_group_by,range_scan,1,0.162254,407.84,231.80
duckdb,olap,10,single_group_by,range_scan,2,0.064246,409.84,277.20
duckdb,olap,10,single_group_by,range_scan,3,0.058723,410.41,288.45
duckdb,olap,10,single_group_by,range_scan,4,0.046495,410.41,70.80
duckdb,olap,10,single_group_by,range_scan,5,0.043111,410.83,92.50
duckdb,olap,10,multi_group_by,full_scan,1,7.166747,3288.11,426.06
duckdb,olap,10,multi_group_by,full_scan,2,27.774216,3312.50,127.76
duckdb,olap,10,multi_group_by,full_scan,3,40.736152,1659.50,104.03
duckdb,olap,10,multi_group_by,full_scan,4,40.076019,1726.81,76.62
duckdb,olap,10,multi_group_by,full_scan,5,40.149463,1041.02,78.21
duckdb,olap,10,multi_group_by,indexed_point_lookup,1,1.045260,794.84,12.78
duckdb,olap,10,multi_group_by,indexed_point_lookup,2,0.004839,787.17,104.20
duckdb,olap,10,multi_group_by,indexed_point_lookup,3,0.021608,778.16,109.20
duckdb,olap,10,multi_group_by,indexed_point_lookup,4,0.101705,778.14,49.25
duckdb,olap,10,multi_group_by,indexed_point_lookup,5,0.019749,778.41,99.30
duckdb,olap,10,multi_group_by,range_scan,1,1.559567,1222.39,176.96
duckdb,olap,10,multi_group_by,range_scan,2,0.456935,1229.03,337.42
duckdb,olap,10,multi_group_by,range_scan,3,0.424661,1258.67,367.99
duckdb,olap,10,multi_group_by,range_scan,4,0.290633,1327.44,458.70
duckdb,olap,10,multi_group_by,range_scan,5,0.246701,1350.06,495.24
duckdb,olap,10,nested_subquery,full_scan,1,0.705257,1519.22,494.99
duckdb,olap,10,nested_subquery,full_scan,2,1.035994,1419.66,370.47
duckdb,olap,10,nested_subquery,full_scan,3,0.954900,1032.52,445.05
duckdb,olap,10,nested_subquery,full_scan,4,0.642179,1113.02,584.88
duckdb,olap,10,nested_subquery,full_scan,5,0.655364,1159.64,562.21
duckdb,olap,10,nested_subquery,indexed_point_lookup,1,0.286098,1160.16,557.95
duckdb,olap,10,nested_subquery,indexed_point_lookup,2,0.283456,1171.75,580.88
duckdb,olap,10,nested_subquery,indexed_point_lookup,3,0.296337,1170.05,544.65
duckdb,olap,10,nested_subquery,indexed_point_lookup,4,0.279668,1163.08,569.80
duckdb,olap,10,nested_subquery,indexed_point_lookup,5,0.302922,1170.31,533.63
duckdb,olap,10,nested_subquery,range_scan,1,0.363272,1225.19,551.51
duckdb,olap,10,nested_subquery,range_scan,2,0.382122,1266.05,526.84
duckdb,olap,10,nested_subquery,range_scan,3,0.568474,1225.69,426.15
duckdb,olap,10,nested_subquery,range_scan,4,0.472523,1153.75,467.20
duckdb,olap,10,nested_subquery,range_scan,5,0.319328,1191.80,598.15
mysql,oltp,1,single_group_by,full_scan,1,4.185413,42.95,1.42
mysql,oltp,1,single_group_by,full_scan,2,3.547525,38.61,1.69
mysql,oltp,1,single_group_by,full_scan,3,3.472349,38.61,1.72
mysql,oltp,1,single_group_by,full_scan,4,3.469090,38.61,1.65
mysql,oltp,1,single_group_by,full_scan,5,3.467361,38.61,1.65
mysql,oltp,1,single_group_by,indexed_point_lookup,1,0.002602,38.62,89.70
mysql,oltp,1,single_group_by,indexed_point_lookup,2,0.000580,38.62,91.10
mysql,oltp,1,single_group_by,indexed_point_lookup,3,0.000822,38.62,88.30
mysql,oltp,1,single_group_by,indexed_point_lookup,4,0.001234,38.62,86.90
mysql,oltp,1,single_group_by,indexed_point_lookup,5,0.001501,38.62,87.30
mysql,oltp,1,single_group_by,range_scan,1,1.548737,38.62,3.28
mysql,oltp,1,single_group_by,range_scan,2,1.279645,36.73,4.10
mysql,oltp,1,single_group_by,range_scan,3,1.277418,36.73,4.01
mysql,oltp,1,single_group_by,range_scan,4,1.271737,36.73,4.10
mysql,oltp,1,single_group_by,range_scan,5,1.241730,36.73,4.14
mysql,oltp,1,multi_group_by,full_scan,1,59.859952,36.73,0.40
mysql,oltp,1,multi_group_by,full_scan,2,57.756998,14.80,0.38
mysql,oltp,1,multi_group_by,full_scan,3,61.515469,14.62,0.40
mysql,oltp,1,multi_group_by,full_scan,4,60.288184,14.52,0.41
mysql,oltp,1,multi_group_by,full_scan,5,58.947662,14.03,0.39
mysql,oltp,1,multi_group_by,indexed_point_lookup,1,0.012328,11.73,80.50
mysql,oltp,1,multi_group_by,indexed_point_lookup,2,0.000560,12.48,88.60
mysql,oltp,1,multi_group_by,indexed_point_lookup,3,0.000839,12.47,88.90
mysql,oltp,1,multi_group_by,indexed_point_lookup,4,0.001220,12.47,92.80
mysql,oltp,1,multi_group_by,indexed_point_lookup,5,0.001388,12.47,87.20
mysql,oltp,1,multi_group_by,range_scan,1,2.180422,12.48,2.53
mysql,oltp,1,multi_group_by,range_scan,2,1.656511,12.44,3.18
mysql,oltp,1,multi_group_by,range_scan,3,1.632356,12.44,2.97
mysql,oltp,1,multi_group_by,range_scan,4,1.663841,12.44,3.04
mysql,oltp,1,multi_group_by,range_scan,5,1.700554,12.44,3.05
mysql,oltp,1,nested_subquery,full_scan,1,27.669197,12.48,0.47
mysql,oltp,1,nested_subquery,full_scan,2,29.166618,12.58,0.49
mysql,oltp,1,nested_subquery,full_scan,3,53.177586,11.75,0.51
mysql,oltp,1,nested_subquery,full_scan,4,35.598823,10.33,0.51
mysql,oltp,1,nested_subquery,full_scan,5,26.229214,10.36,0.44
mysql,oltp,1,nested_subquery,indexed_point_lookup,1,15.288757,10.81,0.65
mysql,oltp,1,nested_subquery,indexed_point_lookup,2,13.799590,10.83,0.65
mysql,oltp,1,nested_subquery,indexed_point_lookup,3,15.457332,10.78,0.62
mysql,oltp,1,nested_subquery,indexed_point_lookup,4,13.225442,10.28,0.69
mysql,oltp,1,nested_subquery,indexed_point_lookup,5,13.515181,10.25,0.61
mysql,oltp,1,nested_subquery,range_scan,1,23.735506,10.58,0.59
mysql,oltp,1,nested_subquery,range_scan,2,15.322173,10.66,0.62
mysql,oltp,1,nested_subquery,range_scan,3,15.638314,10.39,0.61
mysql,oltp,1,nested_subquery,range_scan,4,15.217682,10.39,0.62
mysql,oltp,1,nested_subquery,range_scan,5,15.488279,10.28,0.60
mysql,olap,1,single_group_by,full_scan,1,3.716519,43.08,1.63
mysql,olap,1,single_group_by,full_scan,2,2.709307,36.36,2.17
mysql,olap,1,single_group_by,full_scan,3,2.422588,36.39,2.31
mysql,olap,1,single_group_by,full_scan,4,2.444000,36.38,2.32
mysql,olap,1,single_group_by,full_scan,5,2.436182,36.38,2.31
mysql,olap,1,single_group_by,indexed_point_lookup,1,0.002885,36.39,91.10
mysql,olap,1,single_group_by,indexed_point_lookup,2,0.000535,36.39,95.30
mysql,olap,1,single_group_by,indexed_point_lookup,3,0.000570,36.39,91.20
mysql,olap,1,single_group_by,indexed_point_lookup,4,0.000997,36.39,93.40
mysql,olap,1,single_group_by,indexed_point_lookup,5,0.001286,36.39,89.60
mysql,olap,1,single_group_by,range_scan,1,1.285908,36.39,3.97
mysql,olap,1,single_group_by,range_scan,2,1.146541,36.39,4.51
mysql,olap,1,single_group_by,range_scan,3,1.147598,36.39,4.55
mysql,olap,1,single_group_by,range_scan,4,1.150700,36.39,4.51
mysql,olap,1,single_group_by,range_scan,5,1.143005,36.38,4.62
mysql,olap,1,multi_group_by,full_scan,1,78.777318,36.38,0.39
mysql,olap,1,multi_group_by,full_scan,2,67.698168,10.84,0.37
mysql,olap,1,multi_group_by,full_scan,3,68.602721,10.91,0.37
mysql,olap,1,multi_group_by,full_scan,4,65.376976,10.70,0.35
mysql,olap,1,multi_group_by,full_scan,5,65.031689,10.67,0.36
mysql,olap,1,multi_group_by,indexed_point_lookup,1,0.002948,11.05,91.80
mysql,olap,1,multi_group_by,indexed_point_lookup,2,0.000854,11.08,86.20
mysql,olap,1,multi_group_by,indexed_point_lookup,3,0.001932,11.09,90.70
mysql,olap,1,multi_group_by,indexed_point_lookup,4,0.001933,11.09,91.80
mysql,olap,1,multi_group_by,indexed_point_lookup,5,0.002475,11.09,90.60
mysql,olap,1,multi_group_by,range_scan,1,2.759239,11.09,2.00
mysql,olap,1,multi_group_by,range_scan,2,2.523006,11.09,2.22
mysql,olap,1,multi_group_by,range_scan,3,2.486076,11.08,2.22
mysql,olap,1,multi_group_by,range_scan,4,2.424378,11.08,2.31
mysql,olap,1,multi_group_by,range_scan,5,2.377370,11.06,2.26
mysql,olap,1,nested_subquery,full_scan,1,32.432907,11.14,0.43
mysql,olap,1,nested_subquery,full_scan,2,32.384039,11.17,0.44
mysql,olap,1,nested_subquery,full_scan,3,32.318188,11.19,0.46
mysql,olap,1,nested_subquery,full_scan,4,33.433176,11.19,0.46
mysql,olap,1,nested_subquery,full_scan,5,32.315812,11.14,0.45
mysql,olap,1,nested_subquery,indexed_point_lookup,1,19.924110,11.14,0.61
mysql,olap,1,nested_subquery,indexed_point_lookup,2,16.567158,10.94,0.65
mysql,olap,1,nested_subquery,indexed_point_lookup,3,16.288845,10.94,0.65
mysql,olap,1,nested_subquery,indexed_point_lookup,4,16.096208,10.94,0.70
mysql,olap,1,nested_subquery,indexed_point_lookup,5,16.055823,10.94,0.69
mysql,olap,1,nested_subquery,range_scan,1,19.103545,10.94,0.61
mysql,olap,1,nested_subquery,range_scan,2,17.425575,10.75,0.59
mysql,olap,1,nested_subquery,range_scan,3,17.103641,10.75,0.59
mysql,olap,1,nested_subquery,range_scan,4,18.401156,10.75,0.60
mysql,olap,1,nested_subquery,range_scan,5,16.998306,10.23,0.68
mysql,oltp,5,single_group_by,full_scan,1,21.282590,43.16,0.59
mysql,oltp,5,single_group_by,full_scan,2,20.656119,26.06,0.62
mysql,oltp,5,single_group_by,full_scan,3,21.299663,25.94,0.58
mysql,oltp,5,single_group_by,full_scan,4,20.812482,25.23,0.59
mysql,oltp,5,single_group_by,full_scan,5,20.778409,25.27,0.59
mysql,oltp,5,single_group_by,indexed_point_lookup,1,0.006632,25.30,91.00
mysql,oltp,5,single_group_by,indexed_point_lookup,2,0.000639,26.00,99.10
mysql,oltp,5,single_group_by,indexed_point_lookup,3,0.000833,25.98,88.90
mysql,oltp,5,single_group_by,indexed_point_lookup,4,0.001470,25.98,87.50
mysql,oltp,5,single_group_by,indexed_point_lookup,5,0.001134,25.98,87.50
mysql,oltp,5,single_group_by,range_scan,1,300.533167,26.02,0.63
mysql,oltp,5,single_group_by,range_scan,2,294.549278,11.20,0.66
mysql,oltp,5,single_group_by,range_scan,3,299.103611,11.02,0.63
mysql,oltp,5,single_group_by,range_scan,4,316.127123,10.92,0.62
mysql,oltp,5,single_group_by,range_scan,5,306.241600,11.00,0.64
mysql,oltp,5,single_group_by,full_scan,1,25.437120,43.12,0.56
mysql,oltp,5,single_group_by,full_scan,2,22.754466,11.41,0.53
mysql,oltp,5,single_group_by,indexed_point_lookup,1,0.003103,12.41,90.60
mysql,oltp,5,single_group_by,indexed_point_lookup,2,0.000512,12.47,92.70
mysql,oltp,5,single_group_by,range_scan,1,296.963257,12.45,0.61
mysql,oltp,5,single_group_by,range_scan,2,327.770898,10.78,0.52
mysql,oltp,5,multi_group_by,full_scan,1,5952.941719,11.08,0.49
mysql,oltp,5,multi_group_by,full_scan,2,5916.593045,17.77,0.50
mysql,oltp,5,multi_group_by,indexed_point_lookup,1,0.037931,18.50,91.90
mysql,oltp,5,multi_group_by,indexed_point_lookup,2,0.001660,13.56,89.50
mysql,oltp,5,multi_group_by,range_scan,1,302.910578,13.64,0.59
mysql,oltp,5,multi_group_by,range_scan,2,302.365898,11.11,0.58
mysql,oltp,5,nested_subquery,full_scan,1,2961.441713,11.17,0.46
mysql,oltp,5,nested_subquery,full_scan,2,3032.948973,13.23,0.44
mysql,oltp,5,nested_subquery,indexed_point_lookup,1,1504.419821,14.27,0.47
mysql,oltp,5,nested_subquery,indexed_point_lookup,2,1526.042999,12.27,0.50
mysql,oltp,5,nested_subquery,range_scan,1,2016.421632,12.72,0.52
mysql,oltp,5,nested_subquery,range_scan,2,2015.171819,12.73,0.53
mysql,olap,5,single_group_by,full_scan,1,19.853784,43.05,0.58
mysql,olap,5,single_group_by,full_scan,2,18.358839,26.25,0.63
mysql,olap,5,single_group_by,indexed_point_lookup,1,0.007912,23.22,93.10
mysql,olap,5,single_group_by,indexed_point_lookup,2,0.000548,23.81,89.80
mysql,olap,5,single_group_by,range_scan,1,274.747112,23.95,0.64
mysql,olap,5,single_group_by,range_scan,2,317.368932,10.98,0.61
mysql,olap,5,multi_group_by,full_scan,1,5489.416674,11.36,0.52
mysql,olap,5,multi_group_by,full_scan,2,5525.675210,16.92,0.51
mysql,olap,5,multi_group_by,indexed_point_lookup,1,0.031513,17.77,87.30
mysql,olap,5,multi_group_by,indexed_point_lookup,2,0.001581,13.45,95.30
mysql,olap,5,multi_group_by,range_scan,1,388.818073,13.69,0.60
mysql,olap,5,multi_group_by,range_scan,2,376.518658,11.44,0.61
mysql,olap,5,nested_subquery,full_scan,1,2763.762594,11.50,0.55
mysql,olap,5,nested_subquery,full_scan,2,2712.445194,13.19,0.56
mysql,olap,5,nested_subquery,indexed_point_lookup,1,1322.275634,13.77,0.56
mysql,olap,5,nested_subquery,indexed_point_lookup,2,1354.581025,12.27,0.56
mysql,olap,5,nested_subquery,range_scan,1,1658.555783,12.70,0.56
mysql,olap,5,nested_subquery,range_scan,2,1673.516425,12.72,0.56
